Aaron	boy	H175	Uncertain	aaron	Moses' older brother and Israel's first high priest, who spoke for Moses before Pharaoh.
Abel	boy	H1893	Breath	cain-and-abel	The second son of Adam, a keeper of sheep, whose offering was accepted and who was killed by his brother.
Abraham	boy	H85	Father of a multitude	abraham	Called the father of the faithful; the name was given to him at ninety-nine, replacing Abram.
Adam	boy	H121	Man	adam-and-eve	The first man, formed of the dust of the ground — the name and the word for ground are related in Hebrew.
Amos	boy	H5986	Burden-bearer	\N	A herdsman from Tekoa who prophesied against injustice and said he was no prophet by trade.
Andrew	boy	G406	Manly	the-twelve-disciples	Peter's brother, and the first of the disciples to bring somebody else to Jesus.
Asa	boy	H609	Uncertain	\N	A king of Judah who tore down the idols his fathers had set up.
Asher	boy	H836	Happy	\N	The eighth son of Jacob, whose name his mother gave because of her own gladness.
Barnabas	boy	G921	Son of consolation	barnabas	Acts gives the translation itself. He vouched for Paul when the church still feared him.
Benjamin	boy	H1144	Son of the right hand	\N	Jacob's youngest son; his mother named him Benoni as she died and his father renamed him.
Boaz	boy	H1162	Uncertain	boaz	The kinsman redeemer in the book of Ruth, and an ancestor of David and of Christ.
Caleb	boy	H3612	Uncertain	caleb	One of two spies who said Israel could take the land, and who asked for the hill country at eighty-five.
Daniel	boy	H1840	God is my judge	daniel	Taken to Babylon as a youth, he served four kings and kept praying with the window open.
David	boy	H1732	Beloved	david	The shepherd who killed Goliath, the king who wrote much of the Psalms, called a man after God's own heart.
Eli	boy	H5941	Lofty	\N	The high priest who raised Samuel and who mistook Hannah's praying for drunkenness.
Elijah	boy	H452	The LORD is my God	elijah	The prophet who called down fire on Carmel and heard God afterwards in a still small voice.
Elisha	boy	H477	God is salvation	elisha	Elijah's successor, who asked for a double portion and whose ministry is full of ordinary need met.
Enoch	boy	H2585	Dedicated	enoch	He walked with God, and he was not, for God took him — four verses and one of scripture's strangest lines.
Ephraim	boy	H669	Doubly fruitful	\N	Joseph's second son, born in Egypt, who received the greater blessing from Jacob.
Ethan	boy	H387	Enduring	\N	Named among the wisest men of his age, and credited with Psalm 89.
Ezekiel	boy	H3168	God will strengthen	ezekiel	A priest carried to Babylon who prophesied to exiles, often by acting things out.
Ezra	boy	H5830	Help	ezra	The scribe who led a return from exile and set himself to seek the law, do it, and teach it.
Gabriel	boy	G1043	Man of God	angels	The angel who announced the births of John the Baptist and of Jesus.
Gideon	boy	H1439	Feller	gideon	Threshing wheat in a winepress when he was greeted as a mighty man of valour.
Isaac	boy	G2464	He laughs	isaac	The son of promise, born to parents past the age for it; his mother laughed when she first heard.
Isaiah	boy	H3470	The LORD has saved	isaiah	The prophet of the child born, the suffering servant, and wings as eagles.
Israel	boy	H3478	He will rule as God	jacob	The name given to Jacob after he wrestled until daybreak, and then to the whole nation.
Jacob	boy	H3290	Heel-catcher	jacob	Born holding his twin's heel; he bought a birthright, stole a blessing, and had his name changed.
James	boy	G2385	Heel-catcher	\N	The Greek form of Jacob. Two apostles and the writer of the epistle bore it.
Jared	boy	H3382	Descent	\N	One of the patriarchs before the flood, and the father of Enoch.
Jason	boy	G2394	Healer	\N	A believer in Thessalonica who housed Paul and was dragged before the rulers for it.
Jeremiah	boy	H3414	The LORD will lift up	jeremiah	The weeping prophet, who preached forty years to people who would not listen.
Jesse	boy	G2421	Uncertain	david	David's father, a Bethlehemite; Isaiah calls the Messiah a rod out of the stem of Jesse.
Joel	boy	H3100	The LORD is God	\N	A prophet whose book promises restored years and the Spirit poured out on all flesh.
John	boy	G2491	The LORD is gracious	john-the-baptist	Borne by the Baptist and by the apostle Jesus loved, who wrote the Gospel and the Revelation.
Jonah	boy	H3124	Dove	jonah-and-the-whale	He ran from Nineveh, was swallowed and put back on dry land, then sat down angry when the city repented.
Jonathan	boy	H3129	The LORD has given	jonathan	Saul's son and heir, who handed David his robe and sword knowing what it cost him.
Joseph	boy	H3084	He will add	joseph	Sold by his brothers and raised to second in Egypt; ye thought evil, but God meant it unto good.
Joshua	boy	H3091	The LORD is salvation	joshua	Moses' successor, who led Israel over the Jordan and made the nation choose at the end of his life.
Josiah	boy	H2977	Founded of the LORD	josiah	King at eight; at twenty-six he heard the lost law read and tore his clothes.
Judah	boy	H3063	Praised	\N	Jacob's fourth son, the tribe of David and of Christ, called a lion's whelp in his father's blessing.
Jude	boy	G2455	Praised	\N	The Greek form of Judah. The writer of the short letter near the end of the New Testament.
Levi	boy	G3017	Joined	\N	Jacob's third son and the priestly tribe; also the tax collector who became Matthew.
Luke	boy	G3065	Uncertain	\N	The physician who travelled with Paul and wrote both a Gospel and the book of Acts.
Malachi	boy	H4401	My messenger	\N	The last prophet of the Old Testament, who closes it looking forward to one who is coming.
Mark	boy	G3138	Uncertain	barnabas	He turned back partway through Paul's first missionary trip and was given a second chance by Barnabas; he wrote the second Gospel.
Matthew	boy	G3156	Gift of the LORD	the-twelve-disciples	A tax collector who got up from the table and followed, and who wrote the first Gospel.
Micah	boy	H4318	Who is like the LORD	\N	The prophet who asked what the LORD requires: to do justly, love mercy, and walk humbly.
Michael	boy	H4317	Who is like God	angels	The archangel named in Daniel, Jude and Revelation, described as standing for God's people.
Moses	boy	H4872	Drawn out	moses	Drawn out of the Nile, raised in Pharaoh's house, and sent back at eighty to lead a nation out.
Nathan	boy	H5416	Given	david	The prophet who told David a story about a lamb and then said, thou art the man.
Nathanael	boy	G3482	Gift of God	the-twelve-disciples	He asked whether any good thing could come out of Nazareth, and was called a man without guile.
Noah	boy	H5146	Rest	noah	He built a boat for years while the ground stayed dry, and God shut the door behind him.
Obadiah	boy	H5662	Servant of the LORD	\N	The shortest book in the Old Testament carries this name, borne by more than a dozen men in scripture.
Paul	boy	G3972	Little	paul	He held the coats at Stephen's stoning, met Christ on the Damascus road, and wrote most of the New Testament.
Peter	boy	G4074	Rock	peter	Jesus gave him the name. He walked on water, denied Christ three times, and preached at Pentecost.
Philip	boy	G5376	Lover of horses	the-twelve-disciples	One of the twelve, and also the evangelist who explained Isaiah to an Ethiopian on a desert road.
Reuben	boy	H7205	Behold, a son	\N	Jacob's firstborn, who talked his brothers out of killing Joseph.
Samson	boy	H8123	Sunlight	samson-and-delilah	The strongest of the judges and the least self-controlled; his last act was his greatest.
Samuel	boy	H8050	Heard of God	samuel	Given back to God as a boy, he heard his name called in the night and anointed Israel's first two kings.
Saul	boy	H7586	Asked for	king-saul	Israel's first king, head and shoulders above the rest, who lost the throne over partial obedience.
Seth	boy	H8352	Appointed	adam-and-eve	Adam's third son, given, his mother said, in place of Abel.
Silas	boy	G4609	Uncertain	the-philippian-jailer	Paul's companion, singing at midnight in the Philippian jail when the earthquake came.
Simeon	boy	G4826	Hearing	simeon-and-anna	Jacob's second son, and the old man in the temple who had been promised he would see the Messiah.
Simon	boy	G4613	Hearing	peter	Peter's given name, and the name of several other men in the Gospels and Acts.
Solomon	boy	G4672	Peaceable	solomon	He asked for an understanding heart instead of riches, built the temple, and wrote much of Proverbs.
Stephen	boy	G4736	Crown	stephen	Chosen to wait tables, he preached the longest sermon in Acts and was stoned praying for the men doing it.
Thomas	boy	G2381	Twin	thomas	He would not believe without touching the wounds, and made the highest confession in the Gospel.
Timothy	boy	G5095	Honouring God	timothy	Young, often unwell, pastoring a hard church, and the recipient of two letters that read like a father's.
Titus	boy	G5103	Uncertain	\N	Paul left him in Crete to set things in order, and wrote him a letter about how.
Zebulun	boy	H2074	Dwelling	\N	Jacob's tenth son; Isaiah names his territory as the place a great light would be seen.
Dan	boy	H1835	Judge	\N	Jacob's fifth son. Rachel named him, saying God had judged her case and given her a son.
Naphtali	boy	H5321	My wrestling	\N	Jacob's sixth son, named for the struggle between Rachel and Leah.
Gad	boy	H1410	Troop	\N	Jacob's seventh son, and also the name of a prophet who advised David.
Hezekiah	boy	H2396	Strengthened of the LORD	hezekiah	He tore down the high places and spread an enemy's threatening letter out before the LORD.
Nehemiah	boy	H5166	Comfort of the LORD	nehemiah	A cupbearer who asked leave to rebuild a ruined wall and finished it in fifty-two days.
Phinehas	boy	H6372	Mouth of a serpent	\N	A grandson of Aaron, remembered for zeal, and the name of two other men in scripture.
Uriah	boy	H223	Flame of the LORD	\N	A Hittite in David's army, and one of his mighty men, killed to cover up the king's sin.
Abigail	girl	H26	Source of joy	abigail	She rode out to meet an armed David with two hundred loaves and a speech that stopped a massacre.
Anna	girl	G451	Favoured	simeon-and-anna	A prophetess of great age who was in the temple the day Mary and Joseph brought Jesus in.
Candace	girl	G2582	Uncertain	\N	The title of the Ethiopian queen whose treasurer Philip met on the road to Gaza.
Chloe	girl	G5514	Green shoot	\N	A woman in Corinth whose household told Paul about the divisions in that church.
Claudia	girl	G2803	Uncertain	\N	A believer in Rome who sent greetings in Paul's last letter to Timothy.
Damaris	girl	G1152	Gentle	\N	An Athenian woman who believed after hearing Paul speak at the Areopagus.
Deborah	girl	H1683	Bee	deborah	A prophetess and the only woman among Israel's judges, who held court under a palm tree.
Delilah	girl	H1807	Languishing	samson-and-delilah	The woman who asked Samson four times where his strength lay and sold the answer.
Dinah	girl	H1783	Judged	rachel-and-leah	Jacob and Leah's daughter, whose story in Genesis 34 is one of the hardest in the book.
Elisabeth	girl	G1665	Oath of God	simeon-and-anna	Mary's older cousin, who conceived John the Baptist in old age.
Esther	girl	H635	Of Persian origin	esther	Queen of Persia, who used the position to stop a massacre; the book never names God.
Eunice	girl	G2131	Victorious	timothy	Timothy's mother, named by Paul along with his grandmother Lois for the faith she passed on.
Eve	girl	H2332	Life-giver	adam-and-eve	The first woman; Adam named her so because she was the mother of all living.
Hannah	girl	H2584	Favoured	hannah	She prayed for a son so intensely the priest thought her drunk, and gave Samuel back when he came.
Joanna	girl	G2489	The LORD is gracious	\N	One of the women who supported Jesus' ministry and who found the tomb empty.
Julia	girl	G2456	Uncertain	\N	A believer in Rome greeted by name at the end of Paul's letter.
Keturah	girl	H6989	Perfumed	abraham	Abraham's wife after Sarah died, and the mother of six more sons.
Keziah|Kezia	girl	H7103	Cassia	job	One of three daughters born to Job after his restoration, said to be the fairest in the land.
Leah	girl	H3812	Weary	rachel-and-leah	Jacob's first wife, unloved and fruitful; scripture says God saw it and opened her womb.
Lois	girl	G3090	Uncertain	timothy	Timothy's grandmother, credited by Paul with the unfeigned faith that reached her grandson.
Lydia	girl	G3070	Of Lydia	lydia	A seller of purple whose heart the Lord opened by a river, and the first convert in Europe named.
Martha	girl	G3136	Mistress	martha-and-mary	She complained about the cooking and later made one of the clearest confessions in the Gospels.
Mary	girl	G3137	Uncertain; the Greek form of Miriam	mary-the-mother-of-jesus	The mother of Jesus, and the name of several other women in the Gospels including Magdalene.
Michal	girl	H4324	Brook	\N	Saul's daughter and David's first wife, who let him down out of a window to save his life.
Miriam	girl	H4813	Rebellion	miriam	Moses' sister, who watched his basket on the Nile and led the women in song after the sea.
Naomi	girl	H5281	Pleasant	naomi	She went to Moab full and came back empty, and asked to be called Mara instead.
Orpah	girl	H6204	Mane	naomi	Ruth's sister-in-law, who kissed Naomi goodbye and went back to her own people.
Priscilla	girl	G4252	Little Prisca	priscilla-and-aquila	A tentmaker who, with her husband, took Apollos aside and explained the way of God more perfectly.
Rachel	girl	H7354	Ewe	rachel-and-leah	The wife Jacob worked fourteen years for, and the mother of Joseph and Benjamin.
Rebekah	girl	H7259	Fettering, as by beauty	isaac	She watered ten camels for a stranger and became Isaac's wife on her own decision to go.
Rhoda	girl	G4498	Rose	\N	The servant girl so glad to hear Peter's voice at the gate that she forgot to open it.
Ruth	girl	H7327	Friend	ruth	A Moabite widow who would not leave her mother-in-law and ended up in the line of David.
Salome	girl	G4539	Peaceable	mary-magdalene	One of the women at the cross and among the first at the tomb on the third morning.
Sarah	girl	H8283	Princess	abraham	Abraham's wife, who laughed when she overheard she would bear a son at ninety, then bore him.
Susanna	girl	G4677	Lily	\N	One of the women named in Luke as supporting Jesus and the twelve out of their own means.
Tabitha	girl	G5000	Gazelle	dorcas	Full of good works; when she died the widows stood around showing Peter the coats she had made.
Tamar	girl	H8559	Palm tree	\N	Borne by three women in scripture, including one named in the genealogy of Christ.
Tirzah	girl	H8656	Delight	\N	One of Zelophehad's five daughters, who asked for an inheritance and were granted it.
Zipporah	girl	H6855	Bird	moses	Moses' wife, a daughter of the priest of Midian, who met him at a well in the wilderness.
